{"cameraMode":{"drawMode":0,"name":"Shaded","section":"Shading Mode"},"sceneLighting":false,"audioPlay":false,"sceneViewState":{"m_AlwaysRefresh":false,"showFog":true,"showSkybox":false,"showFlares":true,"showImageEffects":true,"showParticleSystems":true,"showVisualEffectGraphs":true,"m_FxEnabled":true},"in2DMode":false,"pivot":{"x":-0.38449907302856448,"y":4.131956100463867,"z":11.459700584411621},"rotation":{"x":0.012911719270050526,"y":-0.04228982701897621,"z":0.00026685220655053854,"w":0.9990662932395935},"size":13.456283569335938,"orthographic":false}