{"cameraMode":{"drawMode":0,"name":"Shaded","section":"Shading Mode"},"sceneLighting":false,"audioPlay":false,"sceneViewState":{"m_AlwaysRefresh":false,"showFog":true,"showSkybox":false,"showFlares":true,"showImageEffects":true,"showParticleSystems":true,"showVisualEffectGraphs":true,"m_FxEnabled":true},"in2DMode":false,"pivot":{"x":1.929734706878662,"y":-1.9090852737426758,"z":-1.388498306274414},"rotation":{"x":0.2612261176109314,"y":0.06473757326602936,"z":-0.017845366150140764,"w":0.9629830121994019},"size":5.7549357414245609,"orthographic":false}