{"cameraMode":{"drawMode":0,"name":"Shaded","section":"Shading Mode"},"sceneLighting":false,"audioPlay":false,"sceneViewState":{"m_AlwaysRefresh":false,"showFog":true,"showSkybox":false,"showFlares":true,"showImageEffects":true,"showParticleSystems":true,"showVisualEffectGraphs":true,"m_FxEnabled":true},"in2DMode":false,"pivot":{"x":-2.5341529846191408,"y":2.8074567317962648,"z":11.242627143859864},"rotation":{"x":0.012911719270050526,"y":-0.04228982701897621,"z":0.00026685220655053854,"w":0.9990662932395935},"size":11.649149894714356,"orthographic":false}