{"cameraMode":{"drawMode":0,"name":"Shaded","section":"Shading Mode"},"sceneLighting":true,"audioPlay":false,"sceneViewState":{"m_AlwaysRefresh":false,"showFog":true,"showSkybox":true,"showFlares":true,"showImageEffects":true,"showParticleSystems":true,"showVisualEffectGraphs":true,"m_FxEnabled":true},"in2DMode":false,"pivot":{"x":8.558884620666504,"y":19.089305877685548,"z":117.24673461914063},"rotation":{"x":0.08627553284168244,"y":-0.006476609501987696,"z":-0.0017873302567750216,"w":-0.996138334274292},"size":42.63401412963867,"orthographic":false}