{"cameraMode":{"drawMode":0,"name":"Shaded","section":"Shading Mode"},"sceneLighting":true,"audioPlay":false,"sceneViewState":{"m_AlwaysRefresh":false,"showFog":true,"showSkybox":true,"showFlares":true,"showImageEffects":true,"showParticleSystems":true,"showVisualEffectGraphs":true,"m_FxEnabled":true},"in2DMode":false,"pivot":{"x":-10.973069190979004,"y":-3.813352584838867,"z":111.21200561523438},"rotation":{"x":-0.17856261134147645,"y":0.10230404883623123,"z":-0.01932290382683277,"w":-0.9783371090888977},"size":107.82626342773438,"orthographic":false}