{"cameraMode":{"drawMode":0,"name":"Shaded","section":"Shading Mode"},"sceneLighting":true,"audioPlay":false,"sceneViewState":{"m_AlwaysRefresh":false,"showFog":true,"showSkybox":true,"showFlares":true,"showImageEffects":true,"showParticleSystems":true,"showVisualEffectGraphs":true,"m_FxEnabled":true},"in2DMode":false,"pivot":{"x":0.018219947814941407,"y":-3.030928611755371,"z":0.3330998420715332},"rotation":{"x":-0.07715798914432526,"y":-0.3256377875804901,"z":0.026242436841130258,"w":-0.9418938159942627},"size":23.192119598388673,"orthographic":false}