{"cameraMode":{"drawMode":0,"name":"Shaded","section":"Shading Mode"},"sceneLighting":true,"audioPlay":false,"sceneViewState":{"m_AlwaysRefresh":false,"showFog":true,"showSkybox":true,"showFlares":true,"showImageEffects":true,"showParticleSystems":true,"showVisualEffectGraphs":true,"m_FxEnabled":true},"in2DMode":false,"pivot":{"x":4.229228973388672,"y":-3.4620485305786135,"z":161.14247131347657},"rotation":{"x":-0.18981924653053285,"y":-0.03614404797554016,"z":0.006285001989454031,"w":-0.9810664057731628},"size":11.05771541595459,"orthographic":false}