{"cameraMode":{"drawMode":0,"name":"Shaded","section":"Shading Mode"},"sceneLighting":true,"audioPlay":false,"sceneViewState":{"m_AlwaysRefresh":false,"showFog":true,"showSkybox":true,"showFlares":true,"showImageEffects":true,"showParticleSystems":true,"showVisualEffectGraphs":true,"m_FxEnabled":true},"in2DMode":false,"pivot":{"x":-3.9860458374023439,"y":26.24371910095215,"z":-61.086124420166019},"rotation":{"x":-0.024563314393162729,"y":0.03314286470413208,"z":-0.0012188407126814128,"w":-0.9990633130073547},"size":14.915297508239746,"orthographic":false}