{"cameraMode":{"drawMode":0,"name":"Shaded","section":"Shading Mode"},"sceneLighting":false,"audioPlay":false,"sceneViewState":{"m_AlwaysRefresh":false,"showFog":true,"showSkybox":false,"showFlares":true,"showImageEffects":true,"showParticleSystems":true,"showVisualEffectGraphs":true,"m_FxEnabled":true},"in2DMode":false,"pivot":{"x":4.449760437011719,"y":2.199131488800049,"z":6.003973960876465},"rotation":{"x":-0.35130059719085696,"y":0.16372236609458924,"z":-0.062366925179958346,"w":-0.9197917580604553},"size":10.961021423339844,"orthographic":false}