{"cameraMode":{"drawMode":0,"name":"Shaded","section":"Shading Mode"},"sceneLighting":false,"audioPlay":false,"sceneViewState":{"m_AlwaysRefresh":false,"showFog":true,"showSkybox":false,"showFlares":true,"showImageEffects":true,"showParticleSystems":true,"showVisualEffectGraphs":true,"m_FxEnabled":true},"in2DMode":false,"pivot":{"x":0.18070757389068604,"y":3.3580756187438967,"z":40.522796630859378},"rotation":{"x":0.37314268946647646,"y":0.6053751707077026,"z":-0.38392090797424319,"w":0.5890938639640808},"size":7.860671520233154,"orthographic":false}