{"cameraMode":{"drawMode":0,"name":"Shaded","section":"Shading Mode"},"sceneLighting":true,"audioPlay":false,"sceneViewState":{"m_AlwaysRefresh":false,"showFog":true,"showSkybox":true,"showFlares":true,"showImageEffects":true,"showParticleSystems":true,"showVisualEffectGraphs":true,"m_FxEnabled":true},"in2DMode":false,"pivot":{"x":709.2687377929688,"y":574.8726806640625,"z":-80.42620849609375},"rotation":{"x":-0.1366538405418396,"y":-0.000448431761469692,"z":0.00015858496772125363,"w":-0.9905527830123901},"size":655.3347778320313,"orthographic":false}