{"cameraMode":{"drawMode":0,"name":"Shaded","section":"Shading Mode"},"sceneLighting":true,"audioPlay":false,"sceneViewState":{"m_AlwaysRefresh":false,"showFog":true,"showSkybox":true,"showFlares":true,"showImageEffects":true,"showParticleSystems":true,"showVisualEffectGraphs":true,"m_FxEnabled":true},"in2DMode":false,"pivot":{"x":0.2822071313858032,"y":-0.07966959476470947,"z":4.039355754852295},"rotation":{"x":-0.1970144510269165,"y":-0.0038293665274977686,"z":0.0007519025821238756,"w":-0.9804110527038574},"size":3.1068458557128908,"orthographic":false}