{"cameraMode":{"drawMode":0,"name":"Shaded","section":"Shading Mode"},"sceneLighting":true,"audioPlay":false,"sceneViewState":{"m_AlwaysRefresh":false,"showFog":true,"showSkybox":true,"showFlares":true,"showImageEffects":true,"showParticleSystems":true,"showVisualEffectGraphs":true,"m_FxEnabled":true},"in2DMode":false,"pivot":{"x":3.5544474124908449,"y":2.7520172595977785,"z":-2.435694694519043},"rotation":{"x":0.0005875296774320304,"y":-0.07403809577226639,"z":-0.00005455813879962079,"w":-0.9973050355911255},"size":6.883227825164795,"orthographic":false}