{"cameraMode":{"drawMode":0,"name":"Shaded","section":"Shading Mode"},"sceneLighting":true,"audioPlay":false,"sceneViewState":{"m_AlwaysRefresh":false,"showFog":true,"showSkybox":true,"showFlares":true,"showImageEffects":true,"showParticleSystems":true,"showVisualEffectGraphs":true,"m_FxEnabled":true},"in2DMode":false,"pivot":{"x":-0.29638850688934328,"y":-0.3496394157409668,"z":1.7053390741348267},"rotation":{"x":-0.25788789987564089,"y":0.5522610545158386,"z":-0.18475374579429627,"w":-0.7709764242172241},"size":2.471529722213745,"orthographic":false}