{"cameraMode":{"drawMode":0,"name":"Shaded","section":"Shading Mode"},"sceneLighting":true,"audioPlay":false,"sceneViewState":{"m_AlwaysRefresh":false,"showFog":true,"showSkybox":true,"showFlares":true,"showImageEffects":true,"showParticleSystems":true,"showVisualEffectGraphs":true,"m_FxEnabled":true},"in2DMode":false,"pivot":{"x":0.020671702921390535,"y":0.6694179773330689,"z":-0.05403398349881172},"rotation":{"x":0.18048790097236634,"y":-0.24554388225078584,"z":0.046586669981479648,"w":0.9512951374053955},"size":6.4390997886657719,"orthographic":true}