{"cameraMode":{"drawMode":0,"name":"Shaded","section":"Shading Mode"},"sceneLighting":true,"audioPlay":false,"sceneViewState":{"m_AlwaysRefresh":false,"showFog":true,"showSkybox":true,"showFlares":true,"showImageEffects":true,"showParticleSystems":true,"showVisualEffectGraphs":true,"m_FxEnabled":true},"in2DMode":false,"pivot":{"x":276.0511779785156,"y":229.9813690185547,"z":-474.3613586425781},"rotation":{"x":0.18048790097236634,"y":-0.24554388225078584,"z":0.046586669981479648,"w":0.9512951374053955},"size":16.251619338989259,"orthographic":true}