{"cameraMode":{"drawMode":0,"name":"Shaded","section":"Shading Mode"},"sceneLighting":true,"audioPlay":false,"sceneViewState":{"m_AlwaysRefresh":false,"showFog":true,"showSkybox":true,"showFlares":true,"showImageEffects":true,"showParticleSystems":true,"showVisualEffectGraphs":true,"m_FxEnabled":true},"in2DMode":false,"pivot":{"x":1.6507177352905274,"y":0.9471875429153442,"z":0.49322932958602908},"rotation":{"x":-0.024830179288983346,"y":0.8355017304420471,"z":-0.03788210451602936,"w":-0.5476306676864624},"size":1.050162672996521,"orthographic":false}