{"cameraMode":{"drawMode":0,"name":"Shaded","section":"Shading Mode"},"sceneLighting":true,"audioPlay":false,"sceneViewState":{"m_AlwaysRefresh":false,"showFog":true,"showSkybox":true,"showFlares":true,"showImageEffects":true,"showParticleSystems":true,"showVisualEffectGraphs":true,"m_FxEnabled":true},"in2DMode":false,"pivot":{"x":-0.23716652393341065,"y":2.7031021118164064,"z":-1.8695610761642457},"rotation":{"x":0.0005875296774320304,"y":-0.07403809577226639,"z":-0.00005455813879962079,"w":-0.9973050355911255},"size":1.0165183544158936,"orthographic":false}