{"cameraMode":{"drawMode":0,"name":"Shaded","section":"Shading Mode"},"sceneLighting":true,"audioPlay":false,"sceneViewState":{"m_AlwaysRefresh":false,"showFog":true,"showSkybox":true,"showFlares":true,"showImageEffects":true,"showParticleSystems":true,"showVisualEffectGraphs":true,"m_FxEnabled":true},"in2DMode":false,"pivot":{"x":-1.7258319854736329,"y":4.399439811706543,"z":0.06763124465942383},"rotation":{"x":-0.5195302963256836,"y":0.03920384868979454,"z":-0.023841362446546556,"w":-0.8532793521881104},"size":6.588682174682617,"orthographic":false}