{"cameraMode":{"drawMode":0,"name":"Shaded","section":"Shading Mode"},"sceneLighting":true,"audioPlay":false,"sceneViewState":{"m_AlwaysRefresh":false,"showFog":true,"showSkybox":true,"showFlares":true,"showImageEffects":true,"showParticleSystems":true,"showVisualEffectGraphs":true,"m_FxEnabled":true},"in2DMode":false,"pivot":{"x":646.8297119140625,"y":1657.8719482421875,"z":-144.08416748046876},"rotation":{"x":-0.1366538405418396,"y":-0.000448431761469692,"z":0.00015858496772125363,"w":-0.9905527830123901},"size":1128.4205322265625,"orthographic":false}