{"cameraMode":{"drawMode":0,"name":"Shaded","section":"Shading Mode"},"sceneLighting":true,"audioPlay":false,"sceneViewState":{"m_AlwaysRefresh":false,"showFog":true,"showSkybox":true,"showFlares":true,"showImageEffects":true,"showParticleSystems":true,"showVisualEffectGraphs":true,"m_FxEnabled":true},"in2DMode":false,"pivot":{"x":-0.12227723002433777,"y":4.681436538696289,"z":-0.9013677835464478},"rotation":{"x":-0.1791827529668808,"y":-0.04071994498372078,"z":0.00742339575663209,"w":-0.9829570055007935},"size":3.2119998931884767,"orthographic":false}