{"cameraMode":{"drawMode":0,"name":"Shaded","section":"Shading Mode"},"sceneLighting":true,"audioPlay":false,"sceneViewState":{"m_AlwaysRefresh":false,"showFog":true,"showSkybox":true,"showFlares":true,"showImageEffects":true,"showParticleSystems":true,"showVisualEffectGraphs":true,"m_FxEnabled":true},"in2DMode":false,"pivot":{"x":5.189474105834961,"y":-0.10564231872558594,"z":13.298730850219727},"rotation":{"x":-0.15900219976902009,"y":-0.14369380474090577,"z":0.023424847051501275,"w":-0.9765385985374451},"size":13.377925872802735,"orthographic":false}