{"cameraMode":{"drawMode":0,"name":"Shaded","section":"Shading Mode"},"sceneLighting":true,"audioPlay":false,"sceneViewState":{"m_AlwaysRefresh":false,"showFog":true,"showSkybox":true,"showFlares":true,"showImageEffects":true,"showParticleSystems":true,"showVisualEffectGraphs":true,"m_FxEnabled":true},"in2DMode":false,"pivot":{"x":0.00779414176940918,"y":0.9619648456573486,"z":2.0233983993530275},"rotation":{"x":-0.12333382666110993,"y":-0.6889662146568298,"z":0.12067104876041413,"w":-0.7040020227432251},"size":1.7786107063293458,"orthographic":false}