{"cameraMode":{"drawMode":0,"name":"Shaded","section":"Shading Mode"},"sceneLighting":false,"audioPlay":false,"sceneViewState":{"m_AlwaysRefresh":false,"showFog":true,"showSkybox":false,"showFlares":true,"showImageEffects":true,"showParticleSystems":true,"showVisualEffectGraphs":true,"m_FxEnabled":true},"in2DMode":false,"pivot":{"x":-1.5076773166656495,"y":-3.5392885208129885,"z":4.071889400482178},"rotation":{"x":0.24711762368679048,"y":-0.1536705195903778,"z":0.039387576282024387,"w":0.9559692740440369},"size":10.094321250915528,"orthographic":false}