{"cameraMode":{"drawMode":0,"name":"Shaded","section":"Shading Mode"},"sceneLighting":false,"audioPlay":false,"sceneViewState":{"m_AlwaysRefresh":false,"showFog":true,"showSkybox":false,"showFlares":true,"showImageEffects":true,"showParticleSystems":true,"showVisualEffectGraphs":true,"m_FxEnabled":true},"in2DMode":false,"pivot":{"x":0.3421776294708252,"y":2.405827522277832,"z":0.22880730032920838},"rotation":{"x":0.2801879048347473,"y":-0.05362500250339508,"z":0.015342270955443383,"w":0.958381712436676},"size":5.728998184204102,"orthographic":false}