{"cameraMode":{"drawMode":0,"name":"Shaded","section":"Shading Mode"},"sceneLighting":false,"audioPlay":false,"sceneViewState":{"m_AlwaysRefresh":false,"showFog":true,"showSkybox":false,"showFlares":true,"showImageEffects":true,"showParticleSystems":true,"showVisualEffectGraphs":true,"m_FxEnabled":true},"in2DMode":false,"pivot":{"x":1.4581692218780518,"y":0.6736878156661987,"z":0.4645915925502777},"rotation":{"x":-0.13804985582828523,"y":0.032789863646030429,"z":-0.0049925497733056549,"w":-0.9897876381874085},"size":6.424639701843262,"orthographic":false}