{"cameraMode":{"drawMode":0,"name":"Shaded","section":"Shading Mode"},"sceneLighting":false,"audioPlay":false,"sceneViewState":{"m_AlwaysRefresh":false,"showFog":true,"showSkybox":false,"showFlares":true,"showImageEffects":true,"showParticleSystems":true,"showVisualEffectGraphs":true,"m_FxEnabled":true},"in2DMode":false,"pivot":{"x":0.01401519775390625,"y":-4.335928916931152,"z":0.3330998420715332},"rotation":{"x":0.37314268946647646,"y":0.6053751707077026,"z":-0.38392090797424319,"w":0.5890938639640808},"size":10.423171997070313,"orthographic":false}