{"cameraMode":{"drawMode":0,"name":"Shaded","section":"Shading Mode"},"sceneLighting":false,"audioPlay":false,"sceneViewState":{"m_AlwaysRefresh":false,"showFog":true,"showSkybox":false,"showFlares":true,"showImageEffects":true,"showParticleSystems":true,"showVisualEffectGraphs":true,"m_FxEnabled":true},"in2DMode":false,"pivot":{"x":0.10800004005432129,"y":-1.7589006423950196,"z":19.71938133239746},"rotation":{"x":0.0013626329600811005,"y":0.9981139302253723,"z":-0.054869670420885089,"w":0.029063548892736436},"size":14.658464431762696,"orthographic":false}