{"cameraMode":{"drawMode":0,"name":"Shaded","section":"Shading Mode"},"sceneLighting":false,"audioPlay":false,"sceneViewState":{"m_AlwaysRefresh":false,"showFog":true,"showSkybox":false,"showFlares":true,"showImageEffects":true,"showParticleSystems":true,"showVisualEffectGraphs":true,"m_FxEnabled":true},"in2DMode":false,"pivot":{"x":1.6316598653793336,"y":-0.01760101318359375,"z":0.6096038818359375},"rotation":{"x":-0.15347693860530854,"y":-0.09409128129482269,"z":0.014881119132041932,"w":-0.9835816025733948},"size":6.249655246734619,"orthographic":false}