{"cameraMode":{"drawMode":0,"name":"Shaded","section":"Shading Mode"},"sceneLighting":false,"audioPlay":false,"sceneViewState":{"m_AlwaysRefresh":false,"showFog":true,"showSkybox":false,"showFlares":true,"showImageEffects":true,"showParticleSystems":true,"showVisualEffectGraphs":true,"m_FxEnabled":true},"in2DMode":false,"pivot":{"x":-1.0579173564910889,"y":-0.016053756698966028,"z":1.7048296928405762},"rotation":{"x":0.006912738550454378,"y":-0.08271204680204392,"z":0.0002721642376855016,"w":0.99659663438797},"size":3.195286273956299,"orthographic":false}