{"cameraMode":{"drawMode":0,"name":"Shaded","section":"Shading Mode"},"sceneLighting":false,"audioPlay":false,"sceneViewState":{"m_AlwaysRefresh":false,"showFog":true,"showSkybox":false,"showFlares":true,"showImageEffects":true,"showParticleSystems":true,"showVisualEffectGraphs":true,"m_FxEnabled":true},"in2DMode":false,"pivot":{"x":0.06859345734119415,"y":1.377638578414917,"z":0.20614320039749146},"rotation":{"x":-0.26692771911621096,"y":0.22942399978637696,"z":-0.06548899412155152,"w":-0.9337804317474365},"size":2.8368940353393556,"orthographic":false}