{"cameraMode":{"drawMode":0,"name":"Shaded","section":"Shading Mode"},"sceneLighting":false,"audioPlay":false,"sceneViewState":{"m_AlwaysRefresh":false,"showFog":true,"showSkybox":false,"showFlares":true,"showImageEffects":true,"showParticleSystems":true,"showVisualEffectGraphs":true,"m_FxEnabled":true},"in2DMode":false,"pivot":{"x":1.7132675647735596,"y":-0.2683204412460327,"z":6.305604934692383},"rotation":{"x":0.03829273208975792,"y":0.06858468055725098,"z":-0.0029318872839212419,"w":0.9969531297683716},"size":7.374274253845215,"orthographic":false}