{"cameraMode":{"drawMode":0,"name":"Shaded","section":"Shading Mode"},"sceneLighting":false,"audioPlay":false,"sceneViewState":{"m_AlwaysRefresh":false,"showFog":true,"showSkybox":false,"showFlares":true,"showImageEffects":true,"showParticleSystems":true,"showVisualEffectGraphs":true,"m_FxEnabled":true},"in2DMode":false,"pivot":{"x":0.09938784688711167,"y":-0.8190658688545227,"z":-0.00018243782687932253},"rotation":{"x":-0.075704425573349,"y":-0.8589773774147034,"z":0.13331791758537293,"w":-0.48864108324050906},"size":6.742366790771484,"orthographic":false}