{"cameraMode":{"drawMode":0,"name":"Shaded","section":"Shading Mode"},"sceneLighting":false,"audioPlay":false,"sceneViewState":{"m_AlwaysRefresh":false,"showFog":true,"showSkybox":false,"showFlares":true,"showImageEffects":true,"showParticleSystems":true,"showVisualEffectGraphs":true,"m_FxEnabled":true},"in2DMode":false,"pivot":{"x":-2.8560986518859865,"y":-0.39047908782958987,"z":13.137358665466309},"rotation":{"x":-0.4394703209400177,"y":0.0900193601846695,"z":-0.04432138800621033,"w":-0.8926154375076294},"size":11.544622421264649,"orthographic":false}