{"cameraMode":{"drawMode":0,"name":"Shaded","section":"Shading Mode"},"sceneLighting":false,"audioPlay":false,"sceneViewState":{"m_AlwaysRefresh":false,"showFog":true,"showSkybox":false,"showFlares":true,"showImageEffects":true,"showParticleSystems":true,"showVisualEffectGraphs":true,"m_FxEnabled":true},"in2DMode":false,"pivot":{"x":0.16611848771572114,"y":-0.537818193435669,"z":-0.131845161318779},"rotation":{"x":0.023815331980586053,"y":0.44478410482406618,"z":0.012047095224261284,"w":-0.8952794671058655},"size":6.045873165130615,"orthographic":false}