{"cameraMode":{"drawMode":0,"name":"Shaded","section":"Shading Mode"},"sceneLighting":false,"audioPlay":false,"sceneViewState":{"m_AlwaysRefresh":false,"showFog":true,"showSkybox":false,"showFlares":true,"showImageEffects":true,"showParticleSystems":true,"showVisualEffectGraphs":true,"m_FxEnabled":true},"in2DMode":false,"pivot":{"x":0.20398986339569093,"y":0.7507129907608032,"z":1.675898790359497},"rotation":{"x":-0.20911546051502229,"y":0.04780625179409981,"z":-0.010190674103796482,"w":-0.9767382740974426},"size":2.5431900024414064,"orthographic":false}