{"cameraMode":{"drawMode":0,"name":"Shaded","section":"Shading Mode"},"sceneLighting":false,"audioPlay":false,"sceneViewState":{"m_AlwaysRefresh":false,"showFog":true,"showSkybox":false,"showFlares":true,"showImageEffects":true,"showParticleSystems":true,"showVisualEffectGraphs":true,"m_FxEnabled":true},"in2DMode":false,"pivot":{"x":0.4961358308792114,"y":0.27560293674468996,"z":0.15445899963378907},"rotation":{"x":-0.10227654874324799,"y":0.09476330876350403,"z":-0.00969848781824112,"w":-0.9902515411376953},"size":3.2015621662139894,"orthographic":false}